{
  "train_losses": [
    11.030965864658356,
    10.210044205188751,
    9.392022371292114,
    9.199385404586792,
    8.763343691825867,
    8.39694344997406
  ],
  "train_iterations": [
    0,
    1,
    2,
    3,
    4,
    5
  ],
  "eval_losses": [],
  "eval_iterations": []
}